Delivery ID,Date,Day,Time Slot,Neighborhood,Referring Agency,Family Size,Furniture Items,Truck,Driver,Status,Risk Flag
D1001,2026-04-28,Tuesday,02:30 PM,North York,Eva's Initiatives,6,Living room set,Truck 2,Devon L.,Scheduled,
D1002,2026-04-28,Tuesday,08:30 AM,Downtown East,COSTI Immigrant Services,5,Sofa + coffee table,Truck 1,Marcus T.,Completed,
D1003,2026-04-28,Tuesday,08:00 AM,Regent Park,Salvation Army,3,Full bedroom set,Truck 5,Omar K.,Completed,
D1004,2026-04-28,Tuesday,03:00 PM,Etobicoke,CAMH,3,Sofa + coffee table,Truck 4,Priya S.,Scheduled,
D1005,2026-04-28,Tuesday,08:30 AM,Lawrence Heights,Toronto Community Housing,1,Dining table + 4 chairs,Truck 1,Priya S.,Scheduled,
D1006,2026-04-28,Tuesday,11:00 AM,Jane-Finch,Covenant House,6,Kitchen essentials + bed,Truck 4,Marcus T.,Cancelled,
D1007,2026-04-29,Wednesday,01:00 PM,Jane-Finch,Salvation Army,2,Bed frame + mattress,Truck 1,Marcus T.,Scheduled,
D1008,2026-04-29,Wednesday,11:30 AM,Thorncliffe Park,Eva's Initiatives,2,Dining table + 4 chairs,Truck 4,Priya S.,Scheduled,
D1009,2026-04-29,Wednesday,10:00 AM,Downtown East,Covenant House,4,Sofa + coffee table,Truck 5,Devon L.,Cancelled,
D1010,2026-04-29,Wednesday,02:00 PM,Scarborough,Salvation Army,3,Kitchen essentials + bed,Truck 3,Marcus T.,At Risk,Truck capacity conflict
D1011,2026-04-29,Wednesday,08:00 AM,Regent Park,Salvation Army,6,Dresser + bed frame,Truck 5,Priya S.,At Risk,Truck capacity conflict
D1012,2026-04-29,Wednesday,10:00 AM,Jane-Finch,Covenant House,5,Living room set,Truck 2,Sandra W.,At Risk,Client unreachable
D1013,2026-04-29,Wednesday,10:00 AM,North York,Fred Victor,1,Kitchen essentials + bed,Truck 2,Sandra W.,At Risk,No elevator access
D1014,2026-04-29,Wednesday,09:00 AM,Malvern,COSTI Immigrant Services,5,Dresser + bed frame,Truck 4,Sandra W.,Scheduled,
D1015,2026-04-29,Wednesday,01:00 PM,Thorncliffe Park,CAMH,3,Bed frame + mattress,Truck 1,Sandra W.,At Risk,Truck capacity conflict
D1016,2026-04-29,Wednesday,11:00 AM,Weston,Eva's Initiatives,6,Bed frame + mattress,Truck 3,Sandra W.,At Risk,Client unreachable
D1017,2026-04-30,Thursday,01:00 PM,Weston,Eva's Initiatives,5,Kitchen essentials + bed,Truck 2,Priya S.,Cancelled,
D1018,2026-04-30,Thursday,01:30 PM,Thorncliffe Park,COSTI Immigrant Services,3,Kitchen essentials + bed,Truck 4,Marcus T.,Scheduled,
D1019,2026-04-30,Thursday,08:00 AM,Regent Park,COSTI Immigrant Services,1,Kitchen essentials + bed,Truck 5,Marcus T.,Scheduled,
D1020,2026-04-30,Thursday,03:00 PM,Etobicoke,Covenant House,5,Dining table + 4 chairs,Truck 2,Omar K.,Completed,
D1021,2026-04-30,Thursday,11:00 AM,Malvern,CAMH,6,Living room set,Truck 5,Devon L.,Completed,
D1022,2026-04-30,Thursday,11:30 AM,North York,Salvation Army,1,Dining table + 4 chairs,Truck 1,Devon L.,Scheduled,
D1023,2026-04-30,Thursday,01:00 PM,North York,Dixon Hall,6,Living room set,Truck 5,Devon L.,Completed,
D1024,2026-04-30,Thursday,09:00 AM,Weston,COSTI Immigrant Services,3,Sofa + coffee table,Truck 1,Priya S.,Scheduled,
D1025,2026-05-01,Friday,01:00 PM,Downtown East,Fred Victor,4,Kitchen essentials + bed,Truck 5,Sandra W.,Scheduled,
D1026,2026-05-01,Friday,08:00 AM,Malvern,Sketch,6,Dresser + bed frame,Truck 4,Priya S.,At Risk,Client unreachable
D1027,2026-05-01,Friday,02:00 PM,North York,Toronto Community Housing,2,Sofa + coffee table,Truck 1,Omar K.,Scheduled,
D1028,2026-05-01,Friday,01:30 PM,Jane-Finch,Eva's Initiatives,2,Dresser + bed frame,Truck 2,Omar K.,Scheduled,
D1029,2026-05-01,Friday,11:00 AM,North York,Dixon Hall,2,Kitchen essentials + bed,Truck 1,Sandra W.,Scheduled,
D1030,2026-05-01,Friday,11:30 AM,Scarborough,Sketch,4,Sofa + coffee table,Truck 4,Devon L.,Scheduled,
D1031,2026-05-01,Friday,11:30 AM,Weston,Sketch,6,Living room set,Truck 4,Priya S.,Scheduled,
D1032,2026-05-01,Friday,09:30 AM,Weston,Regeneration Community Services,6,Bed frame + mattress,Truck 2,Marcus T.,At Risk,Client unreachable
D1033,2026-05-01,Friday,08:00 AM,Weston,Covenant House,1,Sofa + coffee table,Truck 5,Omar K.,Scheduled,
D1034,2026-05-02,Saturday,03:00 PM,Downtown East,COSTI Immigrant Services,1,Dresser + bed frame,Truck 1,Sandra W.,Scheduled,
D1035,2026-05-02,Saturday,09:00 AM,Lawrence Heights,Sketch,5,Full bedroom set,Truck 5,Marcus T.,Completed,
D1036,2026-05-02,Saturday,10:00 AM,Malvern,CAMH,6,Sofa + coffee table,Truck 3,Devon L.,Scheduled,
D1037,2026-05-02,Saturday,10:30 AM,Regent Park,Dixon Hall,5,Full bedroom set,Truck 3,Marcus T.,Cancelled,
D1038,2026-05-02,Saturday,08:00 AM,Thorncliffe Park,Eva's Initiatives,2,Bed frame + mattress,Truck 5,Priya S.,Scheduled,
D1039,2026-05-02,Saturday,10:00 AM,Lawrence Heights,CAMH,6,Kitchen essentials + bed,Truck 4,Sandra W.,Scheduled,
D1040,2026-05-02,Saturday,08:30 AM,North York,CAMH,6,Bed frame + mattress,Truck 1,Devon L.,Completed,
D1041,2026-05-02,Saturday,09:30 AM,Thorncliffe Park,Salvation Army,6,Sofa + coffee table,Truck 3,Sandra W.,Completed,
D1042,2026-05-02,Saturday,03:30 PM,Scarborough,CAMH,6,Bed frame + mattress,Truck 5,Omar K.,Cancelled,
D1043,2026-05-02,Saturday,08:00 AM,Etobicoke,CAMH,4,Living room set,Truck 3,Devon L.,At Risk,Truck capacity conflict
